科目代號,永續課程
000211012,1
000216001,2
000217012,3
000217022,1
000217032,3
000217042,3
000218002,3
000218012,3
000218022,3
000218042,3
000218052,3
000219022,3
000219032,5
000219042,3
000219052,4
000219082,1
000219112,1
000219122,2
000219512,2
000219522,3
000219532,3
000219552,3
000219562,3
000219572,1
000219582,4
000221002,3
000221012,3
000221032,3
000226021,5
000227011,4
000228022,2
000228032,1
000228042,3
000229002,4
000318011,2
000318021,2
000318031,2
000318041,1
000318051,3
000318061,3
000318071,2
000318081,3
000318091,4
000318101,1
000318111,1
000318121,3
000318131,2
000318141,2
000327011,3
000327021,3
000327031,3
000335011,3
000335021,3
000346011,2
000346021,2
000346031,2
000347041,2
000347061,1
000347081,2
000347121,3
000348021,2
000348031,4
000348051,3
000348061,3
000350001,3
000350011,2
000350041,2
000350051,3
000350061,2
000351011,4
000351031,4
000351051,1
000351061,1
000356001,5
000356011,5
000356021,3
000356031,5
000356041,5
000356051,5
000357011,2
000357021,1
000357031,1
000358011,1
000358021,3
000358031,3
000359091,3
000360011,2
000360021,1
000360031,1
000360041,2
000360051,2
000360061,3
000360071,1
000360081,1
000360201,1
000360211,1
000601002,3
000601012,2
000604001,4
000604011,3
000604021,1
000604031,3
000604041,4
000605002,4
000605022,2
000702011,4
000711002,2
000711012,1
000711022,1
000712001,1
000712011,1
000713012,3
000713022,1
000713032,1
002008011,1
002009001,1
002012011,3
002012021,3
002021011,3
002021021,3
002021031,3
002051001,1
002062011,5
002062021,5
002062031,4
002062041,1
002065011,4
002065021,4
002071011,3
002071021,3
002076011,5
002097011,1
002097021,1
002097031,1
002112001,1
002112011,1
002113011,2
002115001,1
002151001,1
002301001,1
002301021,5
002301031,5
002301041,5
002303011,4
002303021,4
002303031,4
002303041,4
002303061,4
002303071,4
002303081,4
002305021,5
002305031,3
002311021,1
002311031,1
002311041,1
002312001,1
002316001,1
002316011,1
002325011,1
002327011,1
002328001,1
002329001,2
002335001,4
002335011,4
002335021,4
002337001,4
002337011,4
002338001,5
002339001,1
002339011,1
002339021,1
002339031,1
002339041,1
002340021,1
002341001,2
002343001,1
002343011,1
002344001,1
002346001,3
002347001,3
002347021,3
002348001,1
002348011,1
002350001,1
002350011,1
002355001,1
002361011,2
002361021,2
002362001,1
002362011,1
002362021,1
002366001,3
002366011,3
002366021,1
002366031,3
002366041,4
002366071,1
002367001,3
002368001,3
002368011,3
002368021,3
002369001,1
002373001,3
002373011,3
002374001,3
002374011,3
002375001,5
002377001,3
002378001,1
002378011,1
002380001,2
002380011,2
002381001,5
002381011,5
002381021,5
002383001,1
002384001,4
002387001,5
002389011,1
003826011,3
003826021,3
003828011,3
003828021,3
003829011,4
003829021,4
010026001,3
010032002,1
010054001,3
010055001,2
010056002,2
010056012,1
010057002,2
010057012,1
010057022,1
010069012,3
010069022,3
010082001,1
010091002,1
010095002,3
010097002,4
010102032,2
010102082,1
010103012,3
010103032,2
010103042,3
010103052,1
010103072,2
010103082,4
010104002,4
010104012,2
010104022,3
010104032,1
010105012,3
010105022,1
010105042,3
010105072,4
010107032,2
010107042,3
010107052,3
010107062,4
010108002,1
010110001,1
010113002,3
010113012,3
010116001,3
010117001,4
010118001,1
010122002,1
010122012,1
010122022,1
010122032,1
010122042,1
010123002,1
010123012,1
010126001,1
010126021,1
010130001,3
010131032,2
010131042,3
010132012,3
010132042,2
010132052,3
010920001,5
010922002,1
010923002,1
010927001,4
010931001,2
031004011,4
031004031,5
031004051,4
031004061,4
031004071,2
031004091,4
031004101,2
031008011,3
031008021,3
031008031,4
031008041,4
031012011,3
031012031,3
031013011,3
031013021,3
031013031,3
031014161,5
031014171,1
031015011,3
031017101,1
031017111,3
031017121,5
031017131,3
031017141,3
031017151,4
031023001,4
031023011,5
031023021,5
031025001,3
031026001,5
031027001,1
031219011,4
031226001,3
032002011,3
032002021,3
032002031,3
032002041,3
032002051,3
032002061,3
032002071,3
032002081,3
032002091,3
032002201,3
032002211,3
032002221,3
032002231,3
032002241,3
032002251,3
032002261,3
032002271,3
032002281,3
032002291,3
032002301,3
032002321,3
032002401,3
032002411,3
032002421,3
032002431,3
032002441,3
032002451,3
032002461,3
032002471,3
032002481,3
032002491,3
032002501,3
032002511,3
032002521,3
032002601,3
032002611,3
032002621,3
032002631,3
032002641,3
032002651,3
032002661,3
032002671,3
032002681,3
032002691,3
032002701,3
032002721,3
032002801,3
032002811,3
032002821,3
032002831,3
032002881,3
032002901,3
032002911,3
032002921,3
032002931,3
032002941,3
032002951,3
041005001,4
041026011,4
041038001,3
041042011,3
041095001,1
041099011,1
041099041,1
041100001,1
041100031,3
041114001,3
041116001,3
041119001,4
041123001,1
041123011,3
041133011,3
041135001,1
041147011,1
041169001,4
041177001,2
041177011,2
041177021,2
041186001,3
041187001,1
041191001,2
041193001,1
041195001,5
041195011,5
041197001,3
041202001,3
041204001,2
041207001,4
041209001,4
041210001,3
041211001,2
041212001,1
042026001,4
042051001,1
042053001,3
042078001,4
042089001,3
042096001,2
042103001,1
042112101,4
042116011,2
042116041,3
042131001,4
042133001,2
042133011,3
042137001,3
042137011,2
042139021,4
042142001,5
042142021,2
042156001,3
042156021,1
042156031,2
042156051,3
042176001,4
042181001,4
042181011,3
042181021,3
042195001,3
042198001,5
042200001,1
042201001,4
042207001,5
042209001,2
042214001,4
042215001,2
042216001,2
043016001,3
043016011,3
043021001,2
043024001,2
043025001,4
043025011,3
043027001,4
043030001,1
043033001,3
043042001,4
044022001,3
044046001,2
044049001,3
044075001,2
044085001,5
044101001,3
044110001,5
044112001,4
044115001,1
044119001,5
044120001,5
045023001,2
045024001,2
045025001,5
045045001,2
045049001,3
045054001,2
045059001,4
045060001,5
045061001,5
046001001,1
046001011,1
046001021,1
046001031,1
046001041,1
046003011,3
046006021,3
046006031,1
046008001,3
046008011,3
046008021,3
046009001,1
070039001,2
070046001,3
070125001,3
070142001,2
070144001,3
070153001,2
070163021,2
070171011,1
070171021,1
070172011,3
070172021,3
070173011,1
070203001,3
070205001,1
070215001,3
070215011,3
070225002,3
070244001,2
070250001,3
070251001,4
070252001,1
070258001,3
070258011,3
070259001,2
070266001,5
070289001,2
070299001,1
070301001,4
070304001,4
070306001,5
070312001,3
070316001,3
070320011,3
070324001,4
070326001,5
070328001,4
070330001,2
070334001,3
070336001,5
070339001,3
070341001,5
070353001,1
070358001,4
070360001,3
070368001,5
070375001,2
070387001,4
070392001,3
070393001,1
070394001,1
070394011,1
070394021,4
070395001,1
070395011,1
070400002,4
070403001,3
070404001,3
070405001,3
070407001,3
070408001,3
070409001,5
070410001,3
070411001,3
070412001,2
070413001,4
070414001,3
070415001,2
070416001,1
070417001,1
070418001,1
070419001,2
070420001,1
070942001,1
070943001,2
080002001,3
080003001,2
088100011,1
088100021,3
088200011,1
088200021,3
088300011,1
088300021,3
088400011,1
088400021,3
088500021,1
088500041,0
088501011,1
088502001,3
088503001,3
089022011,1
089022021,3
090014011,4
090020001,4
090025001,4
090033001,5
090043001,2
090044001,3
090060001,4
090060011,3
090060021,2
090066001,5
090088001,3
090101001,1
090104001,4
090106001,4
090108001,2
090109001,2
090111001,5
090112001,2
090114001,2
090115001,2
090118001,1
090119001,4
090120001,5
090122001,3
090123001,3
100714001,3
100722001,1
100723001,3
100724001,4
100802001,2
100823001,1
100826001,1
100837001,1
101005012,2
101005022,3
101008002,3
101008012,1
101015001,1
101018001,3
101019001,2
101033001,2
101033011,3
101034001,2
101040001,3
101052001,2
101061001,4
101065011,3
101065021,4
101066001,1
101067011,2
101067021,1
101069001,1
101069011,1
101070001,3
101076001,4
101782001,5
101784001,3
101790001,3
101792001,3
101802001,3
101841001,3
101871001,5
102005001,5
102007001,5
102023001,1
102091001,3
102093001,3
102099001,2
102112001,2
102114001,3
102116001,3
102119001,4
102120001,4
102122001,2
102132001,2
102660001,2
102672001,4
102682001,1
102790001,2
102791001,1
102793001,4
102799001,3
102808001,3
102810001,4
102811001,4
102819001,5
102821001,2
102825001,4
102828001,3
102934001,3
103027001,3
103089001,3
103112001,1
103168001,3
103171001,1
103192001,1
103200001,2
103224001,3
103239001,3
103240001,1
103260001,4
103262001,1
103265001,1
103270001,2
103271001,3
103410001,2
103416001,1
103M02001,1
104003001,2
104049001,2
104068121,2
104077001,2
104082001,1
104101111,1
104158111,1
104187111,4
104215001,2
104216001,4
104217001,1
104218001,1
104636131,1
104642001,1
104733001,3
104734001,1
109003011,2
109004001,4
109006011,1
109010001,3
109016001,1
109029001,3
109031001,3
109033001,2
109036001,4
109037001,4
109039001,2
109050011,3
109856001,3
109857001,4
109889001,4
109942001,2
151507001,5
151508001,2
151509001,4
151510001,5
151511001,3
151512001,2
151513001,4
151615001,3
151695001,4
151700001,3
151720001,3
151787001,1
151869011,2
151876001,2
152037001,5
152550001,1
152554001,5
152557001,5
152559001,5
152567001,5
152573001,5
152577001,5
152578001,1
152587001,2
152592001,1
152606001,1
152637001,5
152734001,4
152790001,3
152802001,4
152851001,2
152866001,4
153011001,1
153470001,3
153471001,1
153472001,3
153473001,3
153474001,2
153475001,1
153476001,3
153486001,2
153497001,3
153501001,1
153530001,2
153551001,3
153756001,1
153M02001,1
154238001,4
154239001,1
154240001,1
154241001,3
154242001,1
154243001,1
154244001,3
154245001,1
154246001,1
154247001,1
154248001,1
154305001,2
154619001,1
155001001,3
155032001,4
155785001,3
155786001,4
155787001,4
155798001,2
155801001,4
155814001,2
155815001,3
155816001,3
155823001,2
155827001,4
155833001,4
155895001,2
155M06001,2
156016001,4
156045001,1
156052001,1
156636001,4
156637001,4
156638001,3
156639001,2
156640001,3
156641001,3
156642001,1
156643001,3
156676001,3
156719001,1
157823001,5
157824001,4
157828001,3
157832001,5
157862001,1
157864001,3
157865001,3
158007001,1
158707001,3
158708001,2
158709001,3
158710001,1
158711001,3
158712001,1
158713001,3
158714001,1
158715001,1
158718001,1
158727001,4
158737001,1
158749001,2
158770001,1
158793001,3
158797001,1
158811001,5
158833001,3
158844001,1
158850001,3
158882001,4
158900001,1
158914001,3
159001002,2
159818001,4
159819001,3
159835001,4
159842001,2
159858001,2
159862001,2
159864001,3
159925001,3
159926011,5
160714001,1
160715001,2
160717001,4
160718001,2
160719001,2
160727001,1
160730001,2
160737001,3
160759001,3
160864001,2
160911001,2
160919001,1
161722001,1
161723001,2
161725001,4
161726001,3
161727001,3
161734001,1
161738001,3
161745001,3
161759001,3
161862001,2
161908001,2
161916001,1
171003001,2
171913001,5
171914001,3
171915001,3
171927001,2
171938001,1
171950001,3
172003001,2
172006001,1
172881001,1
172888001,3
172890001,2
172892001,1
172896001,4
172898001,4
172919001,3
172930001,2
172939001,3
172944001,4
202002002,4
202003002,1
202004001,2
202005001,3
202008001,2
202022001,2
202035002,1
202036001,5
202116001,1
202120001,2
202123001,3
202124001,3
202125001,1
202131001,1
202807001,4
202808001,1
202809001,1
202812001,4
202818001,2
202828001,4
202844001,3
202916001,4
202919001,4
202929011,1
203004001,2
203007002,4
203009001,3
203010001,2
203060011,3
203070001,1
203072001,5
203075001,3
203077001,5
203801001,2
203804001,4
203805001,5
203807001,3
203808001,2
203809001,2
203817001,2
203828001,1
203829001,5
203861001,4
203877001,1
203896001,5
203928001,4
204004012,3
204007002,4
204008012,3
204040001,4
204045001,3
204104001,4
204655001,3
204733001,3
204751001,3
204766001,2
204778001,4
204780001,4
204781001,1
204784001,4
204811001,1
204820001,5
204822001,5
204839001,1
204868001,4
204885001,1
205007011,3
205008001,3
205009001,2
205016001,1
205063001,3
205063011,3
205845001,2
205848001,2
205849001,5
205853001,2
205857001,1
205868001,3
205872001,2
205907001,2
205917001,3
206005002,3
206050002,3
206053001,3
206057001,1
206062001,2
206072001,4
206074001,5
206075001,2
206078001,3
206785001,5
206786001,5
206790001,5
206800001,3
206834001,1
206873001,3
206901001,1
206923011,2
207003001,4
207008001,3
207029002,5
207044002,5
207047001,2
207061001,4
207074001,5
207074011,5
207075001,2
207076001,3
207079001,5
207086001,2
207087001,1
207091001,5
207092001,5
207093001,2
207095001,2
207097001,1
207098001,1
207729001,5
207732001,5
207734001,2
207741001,5
207743001,2
207744001,3
207745001,5
207747001,2
207757001,1
207800001,1
207835001,1
207883001,4
207888001,1
207889001,4
207903001,5
207907001,3
207941001,4
207957002,5
207959002,5
207M02001,5
208018001,3
208020011,1
208022001,2
208025001,5
208028001,1
208760001,1
208761001,3
208764002,5
208770001,3
208774001,2
208783001,5
208853001,1
209001002,2
209016001,2
209043002,3
209050002,2
209057002,1
209058002,1
209060002,5
209067001,1
209068001,3
209069002,1
209071001,4
209102002,1
209594001,1
209595001,1
209597001,3
209598001,1
209599001,3
209601001,5
209608001,4
209614001,3
209616001,4
209638001,3
209645001,3
209648001,3
209742001,1
209743001,2
209755001,1
209809001,3
252002001,2
252019002,2
252021001,1
252022001,3
252103001,3
252673001,4
252675001,1
252677001,1
252681001,2
252684001,1
252739001,1
252745001,5
252782001,4
252790001,1
252915001,4
252922001,4
252952002,2
253001001,3
253007001,4
253052001,4
253055001,1
253786001,4
253795001,3
253803001,3
253806001,2
253826001,4
253848001,5
253850001,3
253851001,5
253855001,3
253894001,3
254002001,1
254019001,1
254088001,4
254124001,3
254140001,2
254756001,4
254775001,1
254776001,5
254777001,5
254852001,3
255002001,3
255007001,4
255022001,3
255029001,3
255036011,1
255038011,3
255039001,2
255043001,3
255044001,3
255046001,3
255827001,5
255833001,1
255834001,1
255882001,3
255890001,2
255915001,3
256009001,2
256016001,3
256021001,3
256026001,3
256027001,3
256648001,2
256649001,5
256650001,5
256660001,5
256663001,5
256670001,5
256671001,3
256672001,4
256683001,3
256691001,2
256724001,3
257711001,5
257714001,2
257715001,4
257716001,1
257722001,5
257728001,4
257748001,5
257755001,1
257773001,5
257811001,5
257872001,1
257M01001,5
258014001,1
258015001,3
258019001,3
258020001,2
258697001,1
258718001,5
258721001,5
258722001,1
258746001,4
258761001,2
258931001,5
258935001,4
258942001,2
258949001,4
258967001,4
259019001,3
259059001,1
259651001,2
259652001,4
259653001,3
259654001,3
259658001,1
259662001,5
259667001,3
259669001,4
259681001,3
259693001,2
259745001,2
259791001,3
260029001,1
260031001,1
260045001,5
260046001,1
260046011,1
260047001,1
260104001,3
260106001,2
260720001,2
260735001,2
260738001,1
260739001,5
260845001,1
260872001,1
260908001,2
260940001,1
261043001,5
261100001,3
261101001,4
261106001,5
261633001,3
261868001,4
261874001,4
261876001,5
261898001,3
261899001,4
261913001,2
261921001,5
261929001,2
262002002,4
262020001,2
262788001,5
262789001,5
262793001,2
262797001,4
262820001,3
262856001,4
262861001,5
262937001,3
263012001,4
263814001,4
263821001,5
263830001,2
263841001,3
263846001,3
263898001,3
263950001,4
264001001,2
264016001,3
264102001,1
264863001,5
264864001,5
264866001,4
264874001,1
264899001,1
264902001,2
264907001,2
264924001,1
264928001,1
265772001,2
265773001,2
265774001,3
265780001,3
265782001,1
265795001,2
265797001,4
265803001,4
265818001,3
265822001,2
265823001,3
265824001,3
265826001,4
265829001,4
265831001,3
265840001,1
265849001,2
265880001,3
265910001,5
266003001,1
266838001,2
266839001,5
266840001,3
266841001,3
266842001,1
266847001,2
266857001,1
266858001,1
266864001,3
266871001,4
266890001,2
266908001,1
266909001,1
266922001,3
267003001,3
267004001,3
267005001,4
267935001,5
267936001,5
267939001,5
300006011,5
300729001,5
300730001,1
300731001,3
300732001,5
300744001,5
300744011,5
300745001,4
300745011,2
300745021,2
300745031,4
300747001,4
300747011,4
300747021,2
300747031,2
300747041,4
300747051,4
300749001,1
300749011,2
300749021,1
300749031,2
300749041,1
300749051,2
300749061,2
300749071,1
300753001,4
300761011,5
300761021,5
300773001,3
300774001,3
300774011,3
300779001,2
300779011,2
300784001,4
300785001,4
300798001,4
300798011,4
300809001,3
300810001,1
300811001,2
300812001,2
300822001,1
300824001,2
300860001,3
300901001,2
300906001,2
300906011,2
300933002,1
300934001,2
301030001,1
301030011,1
301033001,1
301040001,4
301044001,5
301047001,1
301772001,4
301776001,1
301779001,1
301786001,2
301807001,2
301815001,5
301815011,3
301833001,1
301839001,2
301843001,1
301848001,4
301866001,3
301867001,1
301888001,1
301911001,1
302037001,3
302043001,2
302771001,4
302774001,3
302783001,1
302788001,2
302795001,3
302809001,4
302826001,1
302899001,4
302900011,2
302901001,3
302926001,3
303019001,3
303019011,2
303021001,1
303021011,4
303032001,2
303032011,2
303035001,3
303043011,2
303043021,2
303805001,5
303807001,4
303808001,4
303809001,2
303810001,2
303811001,2
303816001,2
303840001,3
303845001,4
303874001,3
303884001,3
303891001,1
303896001,2
303899001,3
303962001,2
304004002,1
304008001,3
304023011,2
304026001,1
304028011,2
304834001,2
304835001,1
304851001,2
304908001,3
305009001,1
305009011,1
305018001,3
305021001,3
305023001,2
305049001,2
305049011,2
305051001,1
305666001,1
305667001,3
305668001,3
305669001,5
305679001,4
305740001,1
305763001,3
305764001,1
305771001,1
305775001,3
305778001,3
305821001,3
305866001,2
306008001,2
306008011,1
306016002,2
306016012,2
306016022,3
306016032,3
306016042,2
306016052,1
306025001,4
306048001,1
306048011,1
306050001,3
306050011,3
306716001,1
306717001,1
306720001,3
306721001,2
306723001,1
306735001,4
306859001,1
307034001,3
307835001,3
307851001,5
307852001,4
307857001,5
307889011,2
307901001,2
307932001,4
307942001,3
308002002,3
308003002,3
308010001,3
308013001,4
308044001,4
308846001,1
308847001,4
308853001,3
308870001,4
308873001,4
308878001,2
308945001,1
308951012,4
351012001,3
351022001,3
351029011,1
351030001,3
351031011,3
351035001,2
351708001,1
351709001,4
351710001,5
351715001,1
351719001,4
351720001,3
351724001,1
351729001,2
351735001,1
351737001,3
351780011,5
351785001,2
351792001,4
351880001,1
351906001,1
351946001,1
352026002,1
352030001,2
352045001,5
352056001,1
352058001,1
352064001,1
352067001,5
352722001,1
352724001,4
352734001,3
352739001,4
352746001,1
352747001,2
352751001,2
352769001,3
352785001,4
352788001,2
352870001,1
353008011,1
353076001,2
353748001,5
353749001,3
353750001,4
353753001,4
353756001,3
353757001,3
353785001,2
353789001,3
353795001,2
353798001,4
353804001,2
353810001,2
353813001,1
353816001,3
353844001,3
353848001,2
353915001,3
354001002,1
354020001,3
354709001,1
354714001,1
354715001,1
354719002,1
354724001,2
354749002,1
354755001,1
354787001,3
354829001,1
354939001,2
355011001,4
355101001,2
355102001,2
355103001,4
355107001,2
355494001,3
355495001,1
355496001,3
355497001,1
355501001,1
355502001,2
355511001,1
355516001,1
355520001,2
355524001,2
355529001,3
355625001,2
355630001,3
355668001,1
355711001,4
356003001,1
356010001,1
356016001,1
356017001,1
356018001,1
356019001,2
356024001,3
356101001,2
356102001,2
356103001,5
356107001,2
356340001,1
356341001,1
356342001,3
356345001,2
356346001,1
356347001,1
356348001,4
356350001,2
356358001,1
356369001,2
356375001,3
356380001,1
356381001,2
356389001,4
356411001,1
356813001,1
357029001,1
357031001,4
357036001,5
357040001,4
357043001,2
357855001,3
357856001,2
357867001,3
357867011,3
357868001,2
357875001,4
357891001,5
357892001,4
357910001,4
357920001,2
357924001,4
358002001,3
358003002,2
358007001,4
358016001,1
358024001,4
358032001,1
358035001,4
358039001,5
358045011,1
358063001,4
358068001,5
358070001,4
358770001,1
358771001,5
358775001,1
358777001,4
358795001,1
358807001,4
358812001,1
358870001,1
358901001,3
363001001,1
363010001,3
363014001,5
363014011,4
363015001,1
363015011,3
363017001,4
363018001,2
363018011,3
363020001,1
363020011,1
363023001,5
363023011,5
363857001,1
363860001,1
363861001,3
363866001,1
363877001,3
363881001,1
363888001,1
363899001,3
363905001,3
363919001,2
363931001,2
363932001,2
363933001,2
363938001,2
363939001,1
363945001,1
363946001,2
363949001,2
363950001,3
364006001,4
364018001,3
364040001,3
364042001,3
364049001,3
364075001,3
364087001,3
364089001,4
364090001,2
364101001,3
364102001,3
364103001,2
364107001,2
364151001,1
364754001,5
364755001,2
364755011,2
364761001,4
364762001,2
364767001,3
364770011,2
364773001,2
364776001,1
364787001,2
364788001,5
364792001,2
364801001,4
364803001,5
364808001,4
364810001,2
364819001,3
364827001,2
364830011,2
364908001,4
364927001,3
364929001,1
400856001,4
400857001,5
400858001,3
400860001,2
400861001,1
400869001,1
400870001,1
400890001,4
400893001,1
400903001,1
400904001,4
400909002,1
400910002,1
400912002,1
401033011,3
401114001,4
401115001,2
401118001,3
401119001,3
401124001,2
401125001,4
401132001,3
401135001,2
401139001,2
401142001,2
401146001,4
401147001,3
402051001,4
402051011,1
402075001,3
402078001,2
402079001,2
402081001,2
402083001,3
402084001,2
402087001,3
402093001,2
402094001,2
402096001,2
402101001,3
402103001,1
402104001,2
402105001,3
403053001,2
403056001,2
403059001,1
403060001,4
403061001,2
403070001,1
403073002,2
403076001,3
403085001,3
403088001,2
403089001,3
403090001,1
403091001,5
403094001,1
403097001,1
403098001,1
403099001,3
403103001,1
403106001,1
403107001,2
403108001,4
405002001,2
405002011,2
405002021,2
405002031,2
405003001,2
405003011,1
405003021,2
405004001,4
405004011,2
405004021,2
405007001,2
405007011,2
405007021,1
405007031,3
405878001,3
405883001,1
405897001,1
405898001,1
405901001,5
405908001,1
405917001,1
405925001,3
405929001,5
405937001,4
405938001,3
405944001,3
405948001,2
405948011,3
405949001,2
405950001,2
405950011,2
461850001,2
461851001,2
461852001,4
461863001,1
461877001,4
461891001,4
461903001,1
461910001,1
461920001,1
461941001,2
461942001,1
462004001,3
462006001,3
462008001,4
462882001,2
462883001,2
462885001,1
462886001,3
462887001,2
462894001,1
462896001,4
462926001,2
462932001,1
462M01001,3
463004001,1
463884001,3
463885001,3
463887001,4
463890001,3
463901001,3
463933001,5
464781001,2
464784001,3
464790001,3
464796001,2
464799001,4
464805001,4
464808001,2
464812001,1
464835001,3
464860011,1
464868001,3
464877001,5
464889001,5
464901001,1
464913001,3
464915001,3
465007001,3
465008001,3
465009001,4
465010001,3
465012001,2
465013001,4
465014001,4
465937001,1
465938001,2
465939001,3
501009002,1
501009012,1
501011001,1
501011011,1
501019002,1
501019022,3
501019042,1
501019052,1
501019111,1
501019121,1
501019131,1
501019141,1
501019151,1
501045001,3
501047001,2
501058001,3
501058011,1
501058021,1
501059001,1
501066001,1
501067001,1
501068001,2
501768001,1
501804001,3
501838001,1
501856001,1
501858001,1
501875001,5
501878001,1
501914001,1
502045002,4
502086001,5
502101002,1
502101012,1
502108002,1
502111002,2
502114002,4
502114012,1
502115002,1
502115012,1
502119001,1
502123001,4
502124002,5
502130001,3
502130011,3
502130021,3
502812001,3
502813001,1
502818001,3
502872001,5
504021002,1
504021012,1
504024002,1
504024012,1
504025001,1
504031002,1
504031012,1
504032002,1
504032012,1
504047002,1
504054002,1
504054012,1
504055002,1
504055012,1
504056002,1
504056012,1
504057002,1
504064002,1
504064012,1
504065001,1
504065011,1
504096002,1
504780001,3
504781001,2
504782001,2
504791001,1
504808001,1
504813001,1
504817001,1
504818001,4
504824001,4
504827002,1
504830002,1
504831002,1
504834002,1
504838002,1
504839002,1
504901002,1
504902002,1
504910002,1
504919002,1
504927002,1
504933001,3
506005002,1
506006002,3
506006012,3
506006022,2
506007002,2
506008002,3
506009002,4
506009012,4
506009022,3
506010002,3
506010012,1
506010022,4
506011002,4
506011012,4
506011022,4
506021001,3
506023001,2
506069001,1
506076001,1
506077001,3
506078001,4
506829001,1
506830001,1
506834001,3
506835001,3
506842001,1
506843001,1
506844001,3
506859001,4
506861001,1
506914002,3
506M01001,2
507022001,3
507026002,1
507027002,5
507028002,3
507046002,1
507046012,3
507047002,3
507047012,1
507048002,2
507048012,5
507049002,2
507049012,3
507050002,2
507050012,3
507816001,1
507818012,1
507820002,1
507859001,4
507862001,3
507867001,3
507873001,1
507891002,3
507892001,4
507913001,1
507928011,2
507936001,2
508052002,1
508055002,1
508079002,2
508079012,2
508080002,2
508080012,3
508081002,2
508082002,3
508083002,2
508084002,2
508085002,3
508797001,3
508798001,2
508799001,3
508800001,3
508803001,3
508810001,2
508826001,3
508840001,3
508855001,4
508918002,3
509004002,1
509005002,1
509006002,3
509007002,4
509008002,1
509009002,3
509014002,1
509015002,1
509016002,3
509017002,3
509018002,1
509019002,5
509024002,1
509025002,1
509026002,5
509031002,1
509032002,1
509033002,2
509040002,5
509041002,1
509042002,2
509047002,1
509048002,1
509049002,2
509056002,1
509057002,3
509058002,2
509059002,1
509060002,2
509061002,5
509062002,2
509063002,3
509064002,3
509065002,1
509066002,2
509067002,5
509881001,3
509885002,2
509887001,1
509889001,4
509892001,4
509899001,2
509902001,2
509906002,3
509907002,3
509912002,1
509913001,1
509914001,2
509918002,3
509922001,1
509932001,4
510001002,3
510002002,2
510006002,3
510007002,3
510013001,3
510014001,2
510016002,3
510024001,2
510026002,3
510028001,1
510029002,4
510032002,2
510033002,4
510037001,4
510038002,1
510042002,2
510043002,4
510047001,5
510049001,3
510052002,4
510055002,1
510056002,1
510057002,1
510059002,1
510060002,2
510065001,4
510066001,1
510068001,1
510070002,1
510071002,3
510072002,2
510073002,3
510079001,4
510080001,1
510081002,5
510082002,1
510083002,2
510875001,1
510876001,2
510878001,5
510881001,1
510888001,4
510889001,1
510890001,3
510891001,1
510893001,1
510897001,2
510905002,4
510911001,3
510915001,5
551005011,1
551014001,3
551737001,3
551745001,1
551764001,5
551767001,2
551779001,1
551780001,3
551795001,3
551801001,3
551885001,1
554012001,2
554013001,1
554871001,4
555017001,2
555732001,1
555733001,3
555734001,1
555737001,5
555783001,3
555797001,1
555813001,3
555815001,3
555939001,1
556750001,1
556752001,3
556753001,1
556754001,1
556760001,4
556776001,1
556777001,3
556779001,1
556901001,3
557003001,3
557901001,5
557903001,3
557905001,2
557906001,3
557928001,2
560007001,3
560879001,4
560880001,1
560882001,1
560884001,1
560891001,3
560903001,3
560905001,3
560912001,3
560921001,4
560937001,5
599772001,1
599773001,1
599774001,4
599775001,3
599776001,3
599777001,3
599788001,5
599792001,1
599793001,2
599793011,1
599793021,1
599794001,3
599794011,2
599794021,3
599795001,1
599795011,1
599795021,1
599796001,3
599796011,3
599796021,1
599796031,2
599861001,1
599865001,1
599882001,1
599885001,1
599886001,1
599890001,3
599894001,5
599894011,5
599902001,1
599902011,1
599902021,1
599904001,1
599912001,1
599916001,1
599918001,1
599920001,1
599922001,1
599924001,1
599926001,1
599936001,1
599939001,1
599947001,1
599947011,1
599947021,1
599947031,1
599947041,1
599948001,1
599948011,1
599948021,1
599948031,1
599948041,1
599949001,5
599949011,5
599949021,5
599949031,5
599949041,5
599950001,1
599950011,1
599950021,1
599950031,1
601017001,3
601048001,4
601048011,3
601048021,4
601085001,4
601091001,1
601091011,2
601091021,3
601102001,1
601102011,1
601102021,2
601110001,4
601110021,3
601136001,4
601136011,2
601136021,1
601137001,1
601157001,2
601157011,1
601157021,3
601158001,5
601158011,4
601158021,3
601160001,3
601160011,3
601160021,1
601319001,1
601320001,2
601321001,2
601322001,1
601323001,3
601325001,1
601326001,4
601327001,1
601328001,3
601329001,3
601330001,3
601331001,5
601332001,3
601333001,4
601334001,1
601335001,4
601352001,3
601354001,1
601355001,2
601357001,3
601357011,3
601359001,2
601359011,1
601359021,2
601362001,4
601362011,3
601363001,1
601364001,5
601371001,2
601379001,2
601382001,4
601383001,3
601389001,5
601397001,2
601399001,3
601400001,5
601405001,1
601417001,3
601440001,1
601521001,4
601526011,4
601535001,1
601562001,3
601595001,3
601597001,1
601600001,1
601629001,1
601630001,5
601632001,4
601640001,2
601653001,5
601669001,1
601674001,3
601681001,4
601685001,1
601716001,3
601755001,5
601757001,2
601767001,4
601821001,1
601887001,3
601900001,4
601944001,3
601945001,2
601946001,2
651011001,1
651019001,3
651057001,1
651064001,1
651066001,3
651071001,1
651073001,3
651167001,3
651196001,3
651226001,4
651230001,4
651297001,4
651320001,1
651330001,1
651339001,4
651359001,2
651362001,2
651364001,3
651380001,3
651401001,2
651404001,1
651419001,3
651449001,3
651528001,1
651541001,3
651639001,5
651641001,4
651718001,3
651761001,5
651838001,4
651917001,3
651A29001,2
651A46001,1
651A64001,4
651A76001,3
651A98001,3
651B01001,4
651B06001,5
651B09001,1
651B12001,1
651B14001,1
651B23001,1
651B31001,2
651B40001,1
651B41001,1
651B47001,2
651B48001,5
651B65001,3
651B66001,2
651B67001,4
651B68001,5
651B69001,4
651B70001,4
651B71001,2
651B72001,4
651B73001,2
651B74001,3
651B75001,2
651B76001,1
651B77001,1
652101001,2
652110001,2
652139001,3
652141001,1
652150001,3
652150011,3
652150031,4
652155001,1
652159001,4
652160001,5
652162001,4
652162011,3
652164001,1
652165001,3
652165011,2
652166001,3
652166011,3
652170001,4
652196001,3
652201001,5
652203001,5
652204001,1
652205001,4
652206001,2
652840001,4
652841001,2
652842001,1
652843001,5
652844001,4
652846001,1
652847001,3
652848001,5
652849001,5
652858001,1
652877001,3
652883001,3
652897001,1
652904001,1
652907001,5
652911001,3
701001002,1
701002002,2
701002012,1
701003002,4
701007001,1
701010001,2
701011001,2
701013001,1
701788001,2
701792001,1
701875001,1
701876001,1
701880001,2
701881001,2
701889001,2
701904001,1
701908001,2
701928001,4
701939001,1
701943001,3
702001002,4
702002002,1
702004002,1
702005002,1
702009001,1
702010001,4
702013001,1
702754001,1
702759001,4
702801001,4
702879001,1
702880001,2
702883001,2
702888001,1
702927001,4
703002001,2
703009001,1
703014001,2
703015001,2
703022001,1
703038001,2
703039001,1
703042001,2
703044001,1
703044011,2
703044021,3
703044031,1
703050001,3
703053001,1
703056001,1
703059001,1
703814001,1
703817001,3
703818001,3
703826001,1
703834001,1
703837001,1
703850001,5
703920001,1
703955001,1
703958001,3
751007002,1
751012002,1
751013002,4
751026001,3
751027001,3
751027011,3
751029001,3
751032002,1
751764001,1
751813001,4
751822001,1
751827001,2
751828002,2
751829002,2
751835001,2
751841001,3
751873002,1
752002001,1
752007001,1
752008001,1
752009001,1
752010001,1
752013001,1
752594001,1
752599001,3
752612001,2
752613001,1
752614001,2
752616001,1
752618001,1
752676001,3
752689001,1
752821001,3
752852001,1
752854001,1
752857001,1
752865001,3
752870001,2
753006001,1
753008001,3
753011001,1
753013001,1
753015001,4
753017001,1
753019001,1
753806001,3
753807001,1
753809001,3
753812001,1
753816001,1
753821001,1
753823001,3
753831001,1
753832001,1
753833001,1
753842001,1
753849001,2
753852001,1
753873001,1
753886001,1
753889001,1
753933001,1
753944001,1
754006001,4
754013001,3
754921001,1
754943001,2
755003001,1
755749001,1
755750001,1
755947001,1
761001001,1
761004001,1
761009001,1
761011001,1
761947001,4
781002001,1
781007001,1
781013001,2
781027001,1
781032001,1
781033001,1
781036001,1
781049001,4
781051001,1
781052001,3
781913001,2
781914001,2
781916001,3
781917001,1
782014001,1
782019001,4
782021001,1
782022001,1
782024001,1
782028001,1
782033001,1
782035001,4
783005001,2
783007001,3
783948001,3
791006001,1
791012001,1
791015001,1
791016001,2
791017001,2
791018001,3
791019001,1
791020001,1
791022001,3
791026001,2
791027001,1
791028001,1
791029001,1
791030001,1
861005001,4
861818001,3
861819001,4
861823001,5
861825001,5
861829001,1
861836001,1
861840001,4
861844001,3
861851001,4
861866001,2
861896001,2
861904001,3
862007001,5
862885001,4
862886001,3
862890001,4
862899001,1
862904001,3
862909001,1
862916001,5
862923001,2
862930001,2
862940001,4
863008001,3
863875001,3
863876001,4
863880001,5
863882001,5
863892001,1
863896001,3
863901001,3
863904001,4
863931001,2
900001001,3
900004001,2
900933001,4
900934001,5
911004001,4
911005001,4
911924001,1
911928001,3
911933001,5
911943001,3
911949001,4
912020001,2
912816001,1
912829001,1
912866001,5
912876001,2
913002001,3
913931001,1
913939001,3
913941001,4
921023001,3
921023011,4
921023021,2
921025001,5
921027001,4
921027011,4
921027021,4
921033001,3
921042001,5
921799001,2
921804001,5
921806001,5
921807001,3
921809001,4
921810001,3
921833001,3
921839001,2
921854001,1
922016001,2
922021001,2
922028001,4
922916001,1
922920001,5
922923001,3
922942001,4
922943001,2
923873001,1
923877001,1
923878001,3
923880001,5
923890001,1
923902001,3
923914001,1
923925001,4
923929001,5
926032011,2
926816001,5
926817001,1
926818001,4
926819001,2
926820001,4
926821001,5
926829001,5
926834001,5
926836001,5
926840001,3
926853001,5
926861001,4
926862001,3
926879001,2
926881001,4
926882001,3
926896001,3
926917001,4
926949001,4
933002001,5
933003001,5
933004001,5
933856001,3
933857001,3
933858001,3
933859001,4
933861001,5
933862001,1
933865001,1
933866001,1
933868001,5
933878001,2
933894001,1
933905001,4
933915001,3
933933001,4
934020001,3
941003001,3
941004001,2
941012001,1
941908001,3
941916001,4
941930001,2
941933001,1
941936001,2
941949001,3
961016001,3
961020001,1
961021001,2
961022001,2
961023001,2
961024001,1
961028001,3
961055001,2
961064001,4
961079001,3
961140001,2
961147001,4
961156001,1
961172001,4
961215001,3
961216001,2
961217001,1
961218001,5
971003001,1
971004001,1
971006001,1
971866001,1
971868001,1
971872001,1
971875001,3
971925001,1
981010001,3
981011001,2
981013001,3
981897001,4
981899001,3
981900001,3
981911001,2
981915001,2
993015001,3
NU1005001,3
NU1006001,4
NU1007001,1
NU1008001,3
NU1009001,3
NU1010001,3
Z23922001,3
Z23925001,2
Z23926001,5
ZC0944001,1
ZC0945001,3
ZC0946001,4
ZC0947001,2
ZC0948001,4
ZC0949001,3
ZC0M01001,3
ZM1002001,3
ZM1892001,2
ZM1893001,2
ZM1894001,5
ZM1895001,4
ZM1896001,5
ZM1897001,1
ZM1898001,4
ZM1899001,3
ZM1900001,5
ZM1909001,2
ZM1913001,1
ZM1915001,1
ZM1920001,2
ZM1924001,5
ZM1937001,1
ZM1939001,5
ZM1940001,5
ZM1946001,4
ZM1949001,4
ZU1005011,3
ZU1012001,4
ZU1016001,2
ZU1017001,3
ZU1018001,5
ZU1020001,4
ZU1021001,5
ZU1023001,5
ZU1033001,5
ZU1034001,4
ZU1035001,2
ZU1039001,2
ZU1863001,2
ZU1864001,5
ZU1865001,5
ZU1866001,5
ZU1867001,2
ZU1881001,5
ZU1883001,4
ZU1887001,2
ZU1902001,3
ZU1922001,3
ZU1925001,3
ZU1946001,2
